Date,Open,High,Low,Close
9/18/19,208.050598,216.711502,208.050598,211.393036
9/19/19,211.247238,222.871689,204.685776,221.280853
9/20/19,221.069626,221.598557,215.159637,218.050049
9/21/19,217.897385,220.958298,215.000168,215.516205
9/22/19,215.486557,216.086243,207.644928,211.54538
9/23/19,211.713211,211.840515,201.887238,201.92131
9/24/19,201.842087,203.500549,162.727783,168.110733
9/25/19,168.133575,174.719772,164.913483,170.8927
9/26/19,170.756912,171.692642,157.130325,166.727127
9/27/19,166.651703,175.610779,163.209503,174.710999
9/28/19,174.680832,175.778732,170.773956,174.572891
9/29/19,174.612747,175.21022,166.997696,170.503479
9/30/19,170.461349,179.872208,167.036606,179.872208
10/1/19,180.209122,185.045532,175.812653,177.340424
10/2/19,177.22406,180.826126,175.334274,180.71051
10/3/19,180.703705,180.79921,172.599869,175.199341
10/4/19,175.238434,178.552078,173.564087,176.985001
10/5/19,176.94632,177.713242,173.069565,176.351517
10/6/19,176.36438,177.364548,171.299774,173.059143
10/7/19,172.940338,182.356354,171.527817,181.18634
10/8/19,181.113358,184.35997,179.133392,182.021561
10/9/19,182.036301,194.300491,180.668442,193.293259
10/10/19,193.191071,193.896927,188.306473,191.659668
10/11/19,191.801071,195.318802,181.661835,182.569687
10/12/19,182.534027,186.304886,179.984833,180.826645
10/13/19,180.861313,185.075912,180.317154,182.07515
10/14/19,182.028473,187.303619,181.662277,186.960907
10/15/19,186.977051,187.759872,179.462784,181.406067
10/16/19,181.343735,181.66861,174.064163,176.013504
10/17/19,175.906891,178.899551,174.565826,178.028351
10/18/19,177.988556,178.179794,171.005051,173.621338
10/19/19,173.649445,175.608231,172.215454,172.913025
10/20/19,172.974762,176.718689,171.210724,175.534378
10/21/19,175.52475,177.74173,173.28775,174.92099
10/22/19,174.90506,175.650024,172.266235,172.300858
10/23/19,172.262802,172.420578,157.463425,162.402786
10/24/19,162.514114,164.147568,160.887955,162.168549
10/25/19,162.189713,183.000122,161.966019,181.523209
10/26/19,181.667068,195.942505,176.133804,179.83548
10/27/19,179.932632,188.155334,177.682358,184.242218
10/28/19,184.397507,187.883163,180.249557,182.662811
10/29/19,182.67038,191.846756,182.364365,190.342575
10/30/19,190.336395,191.111938,181.546371,184.692169
10/31/19,184.797623,188.751266,180.068359,183.966919
11/1/19,183.803696,185.059708,181.094498,183.969894
11/2/19,184.018158,185.708954,182.797668,183.92572
11/3/19,183.994827,185.024216,179.818146,182.425018
11/4/19,182.319031,188.022934,181.821609,186.355194
11/5/19,186.309311,191.257828,184.331985,189.304169
11/6/19,189.113495,193.547256,188.667679,191.593842
11/7/19,191.504303,191.861099,186.567001,187.976547
11/8/19,187.924271,188.815979,182.541367,184.211472
11/9/19,184.311722,185.838531,183.902237,185.028717
11/10/19,184.943359,190.920609,184.686783,189.47728
11/11/19,189.50293,190.338425,185.086319,185.489639
11/12/19,185.564835,187.948029,184.191055,186.843414
11/13/19,186.942444,189.331879,185.937943,188.258743
11/14/19,188.272507,188.634598,184.992294,185.999634
11/15/19,186.058167,186.251831,179.379562,180.521179
11/16/19,180.4991,184.155273,179.985672,183.348358
11/17/19,183.35083,188.191345,182.336807,185.119232
11/18/19,185.041458,186.927155,179.175507,180.559601
11/19/19,180.502457,182.528,175.197113,177.455551
11/20/19,177.415283,178.993149,175.290436,175.698349
11/21/19,175.673599,176.209213,159.365128,161.462723
11/22/19,161.50589,163.028091,142.344101,150.268173
11/23/19,150.212219,154.101563,147.601242,153.417786
11/24/19,153.430527,153.965912,142.834702,142.834702
11/25/19,142.697006,150.207962,133.802338,146.476532
11/26/19,146.404312,150.004761,145.216873,148.965073
11/27/19,148.39682,154.887207,143.525604,153.010559
11/28/19,153.069244,156.613586,151.091125,151.717575
11/29/19,151.7686,156.848404,151.460434,155.304153
11/30/19,155.286407,156.691299,151.225342,152.539688
12/1/19,152.491928,152.491928,147.067932,151.18573
12/2/19,151.175476,152.116959,147.606796,149.059158
12/3/19,149.058243,150.310425,146.001678,147.956421
12/4/19,147.918381,150.680817,145.000885,146.747742
12/5/19,146.686493,153.155396,145.459076,149.248993
12/6/19,149.396484,149.670517,147.606522,149.194443
12/7/19,149.197601,149.799713,148.374771,148.768158
12/8/19,148.743683,152.392929,148.313339,151.264725
12/9/19,151.224396,151.91394,147.621368,148.225174
12/10/19,148.179855,148.564468,144.907959,146.267044
12/11/19,146.320648,147.139206,143.045364,143.608002
12/12/19,143.615662,145.751648,141.436981,145.604004
12/13/19,145.655685,145.857101,143.746521,144.944748
12/14/19,144.953415,145.529083,142.434555,142.869232
12/15/19,142.86499,143.925354,139.426956,143.11499
12/16/19,143.139526,143.224854,132.456665,133.614029
12/17/19,133.647186,134.011536,121.395081,122.603889
12/18/19,122.656837,133.394165,119.78006,133.092194
12/19/19,133.05278,134.190643,125.971664,129.321136
12/20/19,129.384369,129.756302,126.985352,129.066055
12/21/19,129.095963,129.147659,127.612091,128.130951
12/22/19,128.098129,133.160034,127.92849,132.372513
12/23/19,132.306992,134.73175,127.416718,128.61409
12/24/19,128.629257,131.672287,127.308769,129.063889
12/25/19,129.068497,129.068497,124.88549,126.454636
12/26/19,126.486328,130.898346,125.406441,126.361221
12/27/19,126.368797,128.097565,124.820808,127.214607
12/28/19,127.213013,130.258163,126.899696,128.322708
12/29/19,128.266876,136.811203,127.997658,134.75798
12/30/19,134.796524,136.757355,131.545563,132.633484
12/31/19,132.612274,133.732681,128.798157,129.610855
1/1/20,129.630661,132.835358,129.198288,130.802002
1/2/20,130.820038,130.820038,126.95491,127.410179
1/3/20,127.411263,134.554016,126.490021,134.171707
1/4/20,134.168518,136.052719,133.040558,135.069366
1/5/20,135.072098,139.410202,135.045624,136.276779
1/6/20,136.305542,144.328186,136.079636,144.304153
1/7/20,144.311996,145.00177,140.488876,143.543991
1/8/20,143.487823,146.828003,138.268204,141.258133
1/9/20,141.155777,141.393982,136.236404,138.979202
1/10/20,138.967041,144.167328,135.520401,143.963776
1/11/20,143.409103,146.480911,142.207962,142.927109
1/12/20,143.032547,146.145859,142.707642,145.873932
1/13/20,146.220139,146.791229,142.907135,144.226593
1/14/20,144.251053,167.681549,144.064926,165.955353
1/15/20,165.734619,170.425674,161.109619,166.230682
1/16/20,166.332825,167.058151,159.709641,164.391006
1/17/20,164.48938,173.069214,162.775604,170.779953
1/18/20,170.747726,178.528778,166.789017,175.365677
1/19/20,175.46759,177.247635,163.676865,166.969849
1/20/20,166.904129,169.114883,162.331604,167.120514
1/21/20,167.060471,169.91011,165.819717,169.697159
1/22/20,169.608536,171.008698,166.774231,168.294159
1/23/20,168.2957,168.312241,160.295319,162.928558
1/24/20,162.899368,164.309448,156.749741,163.051178
1/25/20,163.067291,163.227234,158.632477,161.283936
1/26/20,161.176819,168.220322,160.281128,168.077103
1/27/20,168.00885,172.922913,166.901093,170.930893
1/28/20,170.884857,176.370316,170.738068,176.370316
1/29/20,176.347885,178.842972,175.050339,175.050339
1/30/20,174.917709,186.260483,172.374634,184.690475
1/31/20,184.736908,185.405838,176.296814,180.160172
2/1/20,180.11377,183.845551,179.745178,183.67395
2/2/20,183.532501,193.080399,180.17395,188.617538
2/3/20,188.607407,193.43689,188.012695,189.865067
2/4/20,189.861725,191.111496,185.403625,189.250595
2/5/20,189.299103,206.804001,188.752686,204.23024
2/6/20,204.1297,214.597717,201.904068,212.339081
2/7/20,212.315887,223.14093,212.304199,222.726059
2/8/20,222.510971,226.588089,215.386292,223.146515
2/9/20,222.982239,229.864243,222.982239,228.578568
2/10/20,228.549133,229.184616,218.080048,223.522705
2/11/20,223.384933,236.547134,218.617615,235.851196
2/12/20,235.898224,272.398834,235.896271,265.406128
2/13/20,265.052704,273.741058,258.922516,268.099243
2/14/20,268.023285,285.056427,262.762512,284.217499
2/15/20,284.56131,287.123688,264.279663,264.728577
2/16/20,264.904053,272.882446,242.484406,259.894714
2/17/20,259.890564,266.871246,244.335327,266.363434
2/18/20,266.50882,283.196136,261.463898,281.94458
2/19/20,282.036285,283.537933,259.763977,259.763977
2/20/20,259.819855,263.695404,250.951263,257.949463
2/21/20,257.891113,267.004852,255.689087,265.600616
2/22/20,265.551575,266.387207,258.913147,262.331726
2/23/20,262.278412,273.75415,261.96051,273.75415
2/24/20,273.705078,275.53952,259.625153,265.216431
2/25/20,265.283386,265.431488,246.858994,247.817596
2/26/20,247.740204,249.649704,221.266556,225.680267
2/27/20,225.687042,237.228928,212.66452,226.753387
2/28/20,226.98761,234.208939,216.346207,226.760498
2/29/20,226.83345,232.256622,219.848511,219.848511
3/1/20,219.752686,226.677887,214.130432,218.970596
3/2/20,218.711624,232.811584,217.284286,230.569778
3/3/20,230.523972,232.325806,221.732666,224.47963
3/4/20,224.565338,228.040421,222.088882,224.517975
3/5/20,224.641891,234.364456,224.641891,229.268188
3/6/20,229.168427,243.554977,228.743576,243.525299
3/7/20,243.750198,249.978485,237.551285,237.853088
3/8/20,237.780685,237.780685,200.602982,200.689056
3/9/20,201.318497,207.451401,192.269897,201.986328
3/10/20,202.863953,205.714249,198.064499,200.767242
3/11/20,200.768036,202.9543,184.362152,194.86853
3/12/20,194.738922,195.147934,111.210709,112.347122
3/13/20,112.689995,137.429535,95.184303,133.201813
3/14/20,133.582474,134.484375,122.414474,123.306023
3/15/20,123.246063,132.242142,121.853653,125.214302
3/16/20,124.996117,124.996117,105.17144,110.605873
3/17/20,110.406784,118.988281,110.406784,113.942749
3/18/20,113.857643,116.021622,111.743111,114.84227
3/19/20,114.839828,140.527725,114.732864,136.593857
3/20/20,136.649277,150.853806,122.605659,132.737167
3/21/20,133.101761,135.972412,127.163757,132.81871
3/22/20,132.851135,136.151642,122.909332,123.321152
3/23/20,123.365982,134.911606,121.867882,134.911606
3/24/20,135.194138,141.948532,133.168777,138.761444
3/25/20,138.914963,141.403793,134.30423,136.195892
3/26/20,136.190674,138.830566,134.886032,138.361557
3/27/20,138.369934,139.902695,133.937943,133.937943
3/28/20,134.032745,134.032745,126.962189,130.986496
3/29/20,131.015335,131.174088,125.45005,125.583733
3/30/20,125.577896,133.911469,125.28968,132.904541
3/31/20,132.820923,134.274139,131.652893,133.593567
4/1/20,133.61232,135.634552,129.730942,135.634552
4/2/20,135.732178,146.787094,135.732178,142.029144
4/3/20,142.110458,146.899872,139.619385,142.091309
4/4/20,142.215179,145.377304,140.121826,145.219391
4/5/20,145.261017,146.128525,142.102081,143.546646
4/6/20,143.608215,169.272644,143.544601,169.13588
4/7/20,169.147446,175.204132,164.203323,165.101944
4/8/20,165.240326,173.210266,164.493195,172.641739
4/9/20,172.761261,172.897781,167.987122,170.807144
4/10/20,170.829269,170.949768,154.914474,158.412445
4/11/20,158.538986,161.167572,155.29834,158.216019
4/12/20,158.232391,164.516953,156.320511,161.142426
4/13/20,160.720673,160.749695,151.614487,156.279556
4/14/20,156.355957,160.944275,155.865936,157.59639
4/15/20,157.565643,160.711121,152.802841,153.286896
4/16/20,153.200424,173.157272,150.359421,172.157379
4/17/20,172.32,174.52,168.55,170.63
4/18/20,171.618073,187.940475,171.618073,186.914001
4/19/20,186.861984,188.098923,180.120819,181.61496
4/20/20,181.480225,186.083542,170.321274,172.297165
4/21/20,172.017715,175.178467,170.552841,172.737701
4/22/20,172.670395,183.751007,171.826599,182.599579
4/23/20,182.620178,189.088867,180.340652,185.028671
4/24/20,185.222107,190.210388,185.222107,189.236938
4/25/20,189.207397,196.792374,188.459534,195.515305
4/26/20,195.413589,199.344971,194.768066,197.317535
4/27/20,197.475723,199.552795,193.454163,197.224716
4/28/20,197.273514,198.786545,194.849426,198.41539
4/29/20,198.465195,218.454636,198.124512,216.968231
4/30/20,216.909134,227.529694,206.43692,207.602051
5/1/20,207.901733,217.628021,207.780884,214.219101
5/2/20,214.230087,215.847534,212.878677,215.325378
5/3/20,215.352066,219.270874,208.692368,210.933151
5/4/20,210.890854,211.828384,199.047729,208.174011
5/5/20,208.013,211.778625,204.031128,206.774399
5/6/20,206.481354,211.534622,204.040878,204.055786
5/7/20,203.912857,214.392471,202.074844,212.289413
5/8/20,212.198242,216.327682,208.830734,212.991577
5/9/20,213.142166,214.73912,209.071518,211.600128
5/10/20,211.5522,211.5522,182.711166,188.599564
5/11/20,188.632187,191.362335,180.718338,185.912842
5/12/20,185.877335,191.601349,185.701797,189.3125
5/13/20,189.3741,200.197327,189.127701,199.193283
5/14/20,198.89151,204.117599,196.86882,202.949097
5/15/20,202.955399,203.566391,193.755676,195.622665
5/16/20,195.613388,202.771194,194.501587,200.677124
5/17/20,200.608871,209.160934,200.102798,207.158691
5/18/20,207.179779,215.908463,207.10907,214.525055
5/19/20,214.604935,214.604935,210.143051,213.451111
5/20/20,213.446243,214.716827,207.975815,210.096741
5/21/20,210.12915,211.625183,193.346436,199.883606
5/22/20,199.837112,208.591537,198.040863,207.169189
5/23/20,207.194489,210.386459,205.29422,208.694397
5/24/20,208.716064,210.595078,202.370346,202.370346
5/25/20,201.982651,206.36145,200.667557,205.319748
5/26/20,205.259567,205.752548,200.264282,201.902313
5/27/20,201.893005,208.863434,201.785065,208.863434
5/28/20,208.885437,220.276505,206.242661,219.840424
5/29/20,219.925049,224.216873,218.238052,220.675125
5/30/20,220.717209,243.943146,218.744461,242.345596
5/31/20,242.351379,244.045258,230.052826,230.975708
6/1/20,230.86026,248.236282,230.488052,246.99176
6/2/20,246.828186,252.222,233.225296,237.219055
6/3/20,237.395218,244.179321,235.464447,244.179321
6/4/20,244.105286,245.92897,236.765305,244.426392
6/5/20,244.349594,247.329498,240.682053,241.221985
6/6/20,241.201355,245.981049,239.724533,241.93132
6/7/20,241.908081,245.435257,236.325256,245.167252
6/8/20,245.178574,246.644196,241.542191,246.309906
6/9/20,246.175018,248.342438,242.338547,244.911453
6/10/20,244.822067,248.651154,242.819748,247.444946
6/11/20,247.548538,249.888306,229.942978,231.702667
6/12/20,231.625458,239.354691,229.645065,237.49321
6/13/20,237.544617,239.1931,235.889679,238.908844
6/14/20,238.968185,239.101456,232.958191,234.1147
6/15/20,234.058304,234.237839,221.24176,229.928909
6/16/20,229.762299,236.394302,228.426147,234.416168
6/17/20,234.492371,235.954056,229.341644,233.028275
6/18/20,232.898697,234.570648,228.951431,232.101166
6/19/20,231.954971,232.154114,226.795181,227.13829
6/20/20,226.976364,231.44902,226.640625,229.274261
6/21/20,229.216141,232.358948,228.492996,228.989822
6/22/20,229.003372,243.776016,228.934738,242.533188
6/23/20,242.537018,244.86441,239.759735,244.142151
6/24/20,244.185928,248.508026,232.807739,235.772461
6/25/20,235.70285,236.053406,230.2966,232.944489
6/26/20,232.877487,233.901932,229.25946,229.668045
6/27/20,229.631485,232.493423,220.564575,222.959793
6/28/20,222.91449,228.598282,219.472672,225.347168
6/29/20,225.361435,229.903214,222.25499,228.19487
6/30/20,227.96843,229.476807,224.815186,226.315002
7/1/20,226.134583,232.756119,224.835739,231.113419
7/2/20,231.28891,232.396881,225.46196,229.392197
7/3/20,229.318954,229.629318,224.913971,225.38707
7/4/20,225.288483,230.054138,225.133316,229.074112
7/5/20,228.976196,229.85672,224.544495,227.664597
7/6/20,227.685013,242.132706,227.029526,241.510223
7/7/20,240.972595,242.681854,234.218658,239.075531
7/8/20,239.159973,248.308868,238.398376,246.670013
7/9/20,246.748291,247.291672,239.898651,243.015961
7/10/20,242.868011,242.883789,236.73053,240.984985
7/11/20,241.044785,241.527481,238.331238,239.458176
7/12/20,239.459641,243.311142,237.770218,242.131699
7/13/20,242.18187,244.310516,238.232376,239.604584
7/14/20,239.975616,242.003784,237.796188,240.211487
7/15/20,240.143646,241.402695,237.096176,238.423523
7/16/20,238.450912,239.006256,231.62117,233.640884
7/17/20,233.691391,234.41507,232.10997,232.773087
7/18/20,232.855682,236.543976,232.32489,235.48381
7/19/20,235.458298,239.16069,233.279739,238.487518
7/20/20,238.494873,239.576248,234.852646,236.153168
7/21/20,236.302505,246.186264,235.680969,245.016724
7/22/20,245.037262,262.985046,242.484344,262.190643
7/23/20,262.388641,277.583466,261.047089,274.689056
7/24/20,274.722687,286.192841,269.239777,279.215424
7/25/20,279.026367,306.740997,279.026367,304.056763
7/26/20,303.692383,316.386322,300.267822,309.643616
7/27/20,309.657928,330.701202,309.657928,321.514099
7/28/20,321.829742,325.905975,307.721344,316.657257
7/29/20,316.555359,324.380798,313.109589,318.190887
7/30/20,318.144989,338.631195,315.751099,334.586639
7/31/20,334.633728,348.611359,329.340942,345.554657
8/1/20,345.798615,388.847961,343.587433,385.199707
8/2/20,385.549866,411.228302,357.143646,370.671722
8/3/20,371.13385,396.506989,369.336334,386.295166
8/4/20,386.156464,400.700623,382.985107,389.875488
8/5/20,389.710815,406.303955,386.218475,401.590576
8/6/20,401.583862,403.488678,392.600189,394.961945
8/7/20,395.226868,398.249023,367.935516,379.512848
8/8/20,379.551575,393.987366,377.349731,393.987366
8/9/20,395.305237,399.737091,385.830719,391.120453
8/10/20,391.041504,399.375946,391.041504,395.887573
8/11/20,395.894714,398.478912,370.860626,380.384064
8/12/20,380.063812,391.312317,367.923615,391.02417
8/13/20,390.838104,432.904602,379.710876,428.741791
8/14/20,428.677277,444.577759,423.345856,437.397827
8/15/20,437.562988,441.754608,429.874603,433.354919
8/16/20,433.350586,436.265839,415.086243,433.786621
8/17/20,433.973755,442.734985,422.647278,429.53125
8/18/20,429.669617,432.580292,419.674103,423.669312
8/19/20,423.738586,427.024658,396.678345,406.463776
8/20/20,406.758911,418.734436,404.026093,416.439789
8/21/20,416.148773,418.63797,387.441132,389.126343
8/22/20,389.031097,396.466583,382.814636,395.835144
8/23/20,395.562836,396.490417,385.039795,391.384491
8/24/20,391.678986,409.38858,389.314606,408.144196
8/25/20,408.071686,408.527924,374.355377,384.001038
8/26/20,383.977448,391.87326,378.705841,386.466125
8/27/20,386.609863,395.349182,374.866486,382.632629
8/28/20,382.629578,397.757629,381.273834,395.874664
8/29/20,395.687592,405.616364,393.037415,399.921478
8/30/20,399.616699,428.663971,399.608368,428.395721
8/31/20,428.509003,438.560333,419.770172,435.079742
9/1/20,434.874451,487.211884,432.079193,477.05191
9/2/20,477.007874,480.330994,424.460022,440.040497
9/3/20,440.23999,449.532471,381.1297,385.671936
9/4/20,384.671631,402.411743,371.636688,388.24115
9/5/20,388.038391,394.172272,316.774353,335.260071
9/6/20,335.334564,359.764038,319.041901,353.362274
9/7/20,353.450256,358.211884,326.254364,352.673492
9/8/20,353.202271,355.562866,328.816772,337.602112
9/9/20,337.824921,359.16449,332.165009,351.110016
9/10/20,351.429321,377.393585,351.111755,368.101898
9/11/20,368.1185,376.630402,355.582581,374.695587
9/12/20,374.595398,387.538452,367.842194,387.183105
9/13/20,387.519287,388.959808,354.340179,365.570007
9/14/20,365.699585,384.485199,357.569763,377.26886
9/15/20,377.154022,381.508301,363.606812,364.839203
9/16/20,364.743988,372.767426,356.682739,365.812286
9/17/20,365.865784,393.901611,364.795135,389.019226
9/18/20,389.337494,391.904144,376.964996,384.364532
9/19/20,384.041656,387.076355,378.72406,385.544373
9/20/20,385.597992,385.597992,367.09436,371.052826
9/21/20,371.400146,375.73703,336.06897,341.786072
9/22/20,341.723816,346.60083,336.855042,344.503174
9/23/20,344.622498,345.63559,317.692078,320.585541
9/24/20,320.618317,351.46463,318.418976,349.356659
9/25/20,349.363129,357.957245,339.350311,352.161865
9/26/20,352.53125,355.960632,348.129639,354.965271
9/27/20,354.587219,362.051361,349.094391,357.321686
9/28/20,357.311157,366.890259,354.825134,354.9505
9/29/20,354.974823,360.793488,351.819458,359.963409
9/30/20,359.942352,361.210327,353.614349,360.022369
10/1/20,360.004639,369.286987,347.197937,353.231293
10/2/20,353.220184,354.075226,337.356934,346.532654
10/3/20,346.502655,351.62793,344.886658,347.321594
10/4/20,347.27243,354.253326,345.398712,353.121918
10/5/20,353.045807,355.217896,350.197632,354.2771
10/6/20,354.137787,355.504059,338.520233,341.021149
10/7/20,341.091675,342.591248,335.5336,342.119781
10/8/20,342.094971,352.800385,336.497101,351.455658
10/9/20,350.71,368.19,347.82,365.28
10/10/20,365.402466,378.267151,365.354034,370.96759
10/11/20,370.928436,377.246796,369.828033,375.142059
10/12/20,374.39,394.58,366.05,386.68
10/13/20,386.64,387.06,374.57,381.23
10/14/20,381.971466,387.296173,374.175018,379.484039
10/15/20,379.19223,381.208771,371.354126,377.441833
10/16/20,377.8685,380.021515,362.597412,366.229004
10/17/20,366.015717,369.768127,364.489014,368.855927
10/18/20,368.727539,378.597656,368.12915,378.213684
10/19/20,378.469635,383.317657,373.702271,379.935608
10/20/20,379.719696,380.761017,367.601074,369.136902
10/21/20,369.059418,400.627258,368.727966,392.189972
10/22/20,391.488617,420.141663,391.276306,413.77298
10/23/20,414.051331,418.95993,403.082031,409.766693
10/24/20,409.767242,416.59967,407.851715,412.457611
10/25/20,412.457642,417.15921,405.350647,406.217773
10/26/20,406.217987,411.279877,383.782898,393.888306
10/27/20,393.888184,409.772858,390.608459,403.99704
10/28/20,403.997101,408.964752,381.146332,388.650757
10/29/20,388.651062,393.227692,381.288757,386.730103
10/30/20,386.730255,391.464722,375.092407,382.819977
10/31/20,382.820038,393.010132,381.295258,386.590332
11/1/20,386.590332,397.116119,385.165527,396.358185
11/2/20,396.355988,403.240753,381.017639,383.156738
11/3/20,383.156036,389.515381,371.312744,387.602173
11/4/20,387.60321,407.665649,377.827606,402.141998
11/5/20,402.142944,417.52594,397.245819,414.067352
11/6/20,414.066711,456.200623,412.9823,454.719299
11/7/20,454.722565,465.675476,428.45636,435.713135
11/8/20,435.718811,457.780457,433.153778,453.554779
11/9/20,453.574158,457.349609,435.163879,444.163055
11/10/20,444.166382,453.758362,439.600128,449.679626
11/11/20,449.679657,473.578857,449.524933,462.960541
11/12/20,462.959534,467.677826,452.072418,461.00528
11/13/20,461.005493,475.217255,457.298248,474.626434
11/14/20,474.626434,475.161438,452.986084,460.149841
11/15/20,460.149902,460.99408,440.254333,447.559082
11/16/20,447.55899,463.831024,445.501617,459.940308
11/17/20,464.406647,482.232208,460.776611,480.360077
11/18/20,480.346832,491.999908,465.830963,479.48407
11/19/20,479.481018,480.121735,465.704254,471.630432
11/20/20,471.63147,513.610352,471.63147,509.744568
11/21/20,509.744598,550.227417,504.237762,549.486633
11/22/20,549.486633,579.372498,514.517212,558.068115
11/23/20,558.059509,609.98761,551.265259,608.454041
11/24/20,608.522766,621.173401,593.835144,603.897766
11/25/20,603.902039,605.094177,559.671387,570.686646
11/26/20,570.514893,575.641479,485.497314,518.801147
11/27/20,519.108093,530.777161,497.242615,517.493713
11/28/20,517.597351,548.044861,508.125366,538.229797
11/29/20,538.264587,576.602417,531.987549,575.758057
11/30/20,575.75708,615.24054,571.537781,614.842529
12/1/20,615.070313,635.160583,571.753967,587.324158
12/2/20,587.261597,604.022461,578.741028,598.352356
12/3/20,598.459229,622.452698,588.346375,616.70874
12/4/20,616.722778,618.983154,569.283508,569.354187
12/5/20,569.347656,596.595459,563.106628,596.595459
12/6/20,596.568665,606.791931,584.411743,601.908997
12/7/20,601.797119,602.917908,585.42865,591.843384
12/8/20,591.900818,594.751587,552.469238,554.827759
12/9/20,554.792908,577.288391,532.998413,573.479126
12/10/20,573.504028,574.600159,549.784058,559.678528
12/11/20,559.679199,560.376709,537.811646,545.797363
12/12/20,545.578552,573.339417,545.245605,568.567322
12/13/20,568.609863,593.78125,564.565979,589.663208
12/14/20,589.782471,590.492981,577.118408,586.011169
12/15/20,586.02179,596.247742,580.628784,589.355591
12/16/20,589.378662,636.64032,582.039124,636.181824
12/17/20,636.154175,673.834229,628.74939,642.868958
12/18/20,642.916992,662.699097,632.356079,654.811951
12/19/20,654.624207,668.769592,646.616211,659.297913
12/20/20,659.185059,659.923706,625.014465,638.290833
12/21/20,638.315186,646.846558,600.83606,609.817871
12/22/20,609.420532,635.076599,589.552002,634.854187
12/23/20,634.824585,637.122803,560.364258,583.7146
12/24/20,584.13562,613.815186,568.596375,611.607178
12/25/20,611.554565,633.061401,605.424438,626.410706
12/26/20,626.498047,650.721436,617.4021,635.835815
12/27/20,635.887146,711.393555,628.334961,682.642334
12/28/20,683.205811,745.877747,683.205811,730.397339
12/29/20,730.358704,737.952881,692.149414,731.520142
12/30/20,731.472839,754.303223,720.988892,751.618958
12/31/20,751.626648,754.299438,726.511902,737.803406
1/1/21,737.708374,749.201843,719.792236,730.367554
1/2/21,730.402649,786.798462,718.109497,774.534973
1/3/21,774.511841,1006.565002,771.561646,975.50769
1/4/21,977.058838,1153.189209,912.305359,1040.233032
1/5/21,1041.498779,1129.37146,986.811279,1100.006104
1/6/21,1101.005005,1209.428589,1064.233398,1207.112183
1/7/21,1208.078369,1282.57959,1167.443115,1225.678101
1/8/21,1225.967896,1273.827515,1076.081543,1224.197144
1/9/21,1223.740479,1303.871826,1182.270386,1281.077271
1/10/21,1280.871094,1347.926147,1194.715576,1262.246704
1/11/21,1261.622925,1261.622925,924.922607,1090.145386
1/12/21,1088.526733,1149.240234,1012.76416,1043.43457
1/13/21,1043.740967,1134.338501,994.549072,1130.73938
1/14/21,1130.231201,1244.163086,1093.060791,1218.453003
1/15/21,1221.877197,1250.505859,1090.721069,1171.834595
1/16/21,1171.443115,1290.053589,1157.623779,1233.537598
1/17/21,1233.453369,1265.644653,1174.38855,1230.172241
1/18/21,1230.313232,1259.450073,1187.311035,1257.279541
1/19/21,1257.43457,1432.300049,1254.522949,1377.295898
1/20/21,1375.248413,1405.744141,1243.299927,1382.274048
1/21/21,1382.684448,1382.684448,1098.476196,1121.570923
1/22/21,1118.889038,1271.687622,1046.596558,1236.512207
1/23/21,1235.267944,1272.151123,1200.893311,1230.990601
1/24/21,1231.210571,1395.111328,1225.274048,1391.609375
1/25/21,1390.639893,1467.784912,1304.973999,1324.414795
1/26/21,1323.741699,1376.085083,1253.340332,1357.058105
1/27/21,1358.333374,1368.074097,1215.311279,1253.187134
1/28/21,1251.279785,1321.613037,1226.17395,1298.101807
1/29/21,1369.086792,1428.981201,1292.240112,1382.522827
1/30/21,1382.231934,1402.39978,1328.529053,1376.115479
1/31/21,1376.823608,1378.916016,1288.501587,1314.986206
2/1/21,1314.855225,1373.845825,1274.357788,1369.040527
2/2/21,1369.505127,1542.990967,1362.77124,1515.193726
2/3/21,1514.769653,1660.909546,1510.010254,1660.909546
2/4/21,1661.170166,1689.186646,1561.853516,1594.762695
2/5/21,1594.793335,1756.510986,1594.793335,1718.650879
2/6/21,1717.797485,1738.314453,1649.068726,1677.846802
2/7/21,1677.605713,1690.036621,1501.750244,1614.227783
2/8/21,1613.642212,1770.59082,1571.579956,1746.616821
2/9/21,1746.926147,1815.963623,1711.620605,1768.035034
2/10/21,1768.039795,1826.696777,1686.542358,1744.243408
2/11/21,1743.714233,1806.539063,1708.679199,1783.797974
2/12/21,1783.489136,1861.356934,1744.168945,1843.532593
2/13/21,1843.986816,1871.603516,1770.612061,1814.109863
2/14/21,1814.372314,1848.154053,1789.914185,1805.084106
2/15/21,1804.676758,1833.830566,1683.906616,1779.791016
2/16/21,1778.945557,1824.518677,1729.641968,1781.067505
2/17/21,1781.350098,1853.667603,1736.705811,1848.458252
2/18/21,1848.206299,1949.903442,1848.206299,1937.449219
2/19/21,1938.859863,1969.546997,1896.684448,1960.164795
2/20/21,1959.902954,2036.286499,1830.531494,1919.534058
2/21/21,1918.673096,1974.259644,1890.368164,1935.601074
2/22/21,1935.557861,1936.453735,1580.626587,1781.99292
2/23/21,1781.409058,1781.409058,1378.840942,1570.203979
2/24/21,1571.47644,1710.983765,1511.018921,1626.575684
2/25/21,1625.393921,1670.224121,1465.05896,1475.703735
2/26/21,1478.65332,1559.028931,1407.979248,1446.033691
2/27/21,1446.929443,1524.932373,1433.786987,1459.973145
2/28/21,1459.860474,1468.391479,1300.472168,1416.04895
3/1/21,1417.151123,1567.69458,1416.416138,1564.707642
3/2/21,1564.063477,1597.610107,1461.325439,1492.608765
3/3/21,1491.451172,1650.360596,1481.905762,1575.853149
3/4/21,1574.623779,1622.953857,1511.103394,1541.914307
3/5/21,1541.541748,1547.878174,1450.891357,1533.275024
3/6/21,1532.372803,1669.106567,1519.141113,1654.741577
3/7/21,1655.392456,1730.924194,1636.564453,1723.153809
3/8/21,1724.229248,1835.192139,1670.942017,1834.727905
3/9/21,1835.148071,1868.048828,1804.266357,1868.048828
3/10/21,1868.489014,1873.803223,1766.490479,1799.16626
3/11/21,1798.033936,1843.818848,1734.617065,1826.194946
3/12/21,1826.546753,1839.497314,1728.980957,1772.102417
3/13/21,1772.166382,1937.645508,1733.639893,1924.685425
3/14/21,1923.86377,1930.779785,1845.119995,1854.564331
3/15/21,1854.08667,1889.196655,1749.606323,1791.702271
3/16/21,1792.413818,1817.060181,1720.053223,1806.971802
3/17/21,1807.056152,1839.81897,1749.179932,1823.449341
3/18/21,1823.158447,1848.646118,1705.716064,1782.855103
3/19/21,1782.568726,1841.196045,1746.473389,1817.624146
3/20/21,1817.522705,1874.708984,1811.728638,1812.634644
3/21/21,1812.606567,1823.353027,1764.139282,1788.217041
3/22/21,1788.362183,1811.968262,1674.299805,1691.333984
3/23/21,1690.871826,1725.108765,1662.539917,1678.650146
3/24/21,1678.002563,1740.428223,1570.787964,1593.413452
3/25/21,1593.123291,1625.911499,1560.370483,1595.359253
3/26/21,1595.210083,1702.922852,1594.736694,1702.842041
3/27/21,1703.036133,1732.824341,1674.319336,1716.494629
3/28/21,1716.40564,1728.584106,1672.6604,1691.355957
3/29/21,1691.263184,1837.187988,1683.716553,1819.684937
3/30/21,1819.466309,1860.974731,1793.922363,1846.033691
3/31/21,1846.098267,1947.837769,1793.002197,1918.362061
4/1/21,1919.157227,1989.055054,1912.178467,1977.276855
4/2/21,1976.932739,2152.451904,1960.678711,2143.225586
4/3/21,2142.895996,2144.962402,2028.422485,2028.422485
4/4/21,2027.671265,2110.353516,2007.111816,2093.122803
4/5/21,2093.260742,2140.985352,2032.387695,2107.887207
4/6/21,2109.493164,2151.223389,2057.609131,2118.378906
4/7/21,2117.728516,2133.1875,1945.442139,1971.077271
4/8/21,1969.133179,2091.516357,1959.079468,2088.57373
4/9/21,2088.772217,2102.873779,2055.16333,2072.108887
4/10/21,2071.111572,2196.996338,2062.787598,2135.942139
4/11/21,2136.156982,2165.191406,2119.865723,2157.656982
4/12/21,2157.361816,2199.71875,2110.368896,2139.353271
4/13/21,2139.364258,2318.42334,2138.55957,2299.187744
4/14/21,2299.3479,2449.6875,2284.563721,2435.10498
4/15/21,2436.034668,2544.267334,2409.924072,2519.116211
4/16/21,2516.601807,2547.555664,2318.675049,2431.946533
4/17/21,2429.980957,2497.385254,2333.682861,2344.89502
4/18/21,2346.452393,2365.460449,2011.766846,2237.136963
4/19/21,2238.032715,2276.776855,2086.688721,2166.188721
4/20/21,2161.939453,2345.834961,2060.143799,2330.210938
4/21/21,2331.160156,2467.200684,2238.366943,2364.751709
4/22/21,2357.871094,2641.094971,2315.960205,2403.535156
4/23/21,2401.256348,2439.537109,2117.039551,2363.586182
4/24/21,2367.199219,2367.740967,2163.693115,2211.625732
4/25/21,2214.413818,2354.08667,2172.515137,2316.05957
4/26/21,2319.478027,2536.337402,2308.315186,2534.481689
4/27/21,2534.03125,2676.392822,2485.375,2662.865234
4/28/21,2664.685547,2757.477295,2564.081543,2746.380127
4/29/21,2748.649658,2797.972412,2672.106689,2756.876953
4/30/21,2757.734131,2796.054932,2728.169922,2773.207031
5/1/21,2772.838379,2951.440918,2755.908447,2945.892822
5/2/21,2945.560059,2984.891846,2860.526123,2952.056152
5/3/21,2951.175781,3450.037842,2951.175781,3431.086182
5/4/21,3431.131592,3523.585938,3180.742676,3253.629395
5/5/21,3240.554688,3541.462646,3213.101563,3522.783203
5/6/21,3524.930908,3598.895996,3386.23999,3490.880371
5/7/21,3490.105225,3573.290039,3370.261963,3484.729004
5/8/21,3481.988037,3950.165039,3453.768555,3902.647705
5/9/21,3911.463135,3981.259033,3743.989014,3928.844727
5/10/21,3924.41333,4197.473145,3684.45166,3952.293945
5/11/21,3948.271973,4178.208984,3783.889404,4168.701172
5/12/21,4174.635742,4362.350586,3785.848633,3785.848633
5/13/21,3828.918457,4032.563477,3549.407227,3715.148438
5/14/21,3720.122314,4171.01709,3703.399902,4079.057373
5/15/21,4075.95166,4129.185547,3638.12207,3638.12207
5/16/21,3641.830811,3878.895996,3350.95166,3587.506104
5/17/21,3581.343018,3587.765625,3129.008789,3282.397705
5/18/21,3276.872314,3562.465088,3246.404053,3380.070068
5/19/21,3382.657227,3437.935791,1952.460205,2460.679199
5/20/21,2439.638672,2993.145264,2170.229004,2784.294189
5/21/21,2772.341309,2938.205078,2113.347168,2430.621338
5/22/21,2436.014648,2483.983154,2168.124268,2295.705566
5/23/21,2298.367188,2384.411621,1737.46875,2109.579834
5/24/21,2099.936035,2672.595703,2090.639648,2643.591064
5/25/21,2649.033203,2750.534912,2394.355469,2706.628906
5/26/21,2707.052734,2911.735596,2652.094482,2888.69873
5/27/21,2888.752441,2888.752441,2642.60791,2736.488525
5/28/21,2742.468994,2761.363281,2336.361328,2419.90625
5/29/21,2414.067139,2566.938477,2208.490967,2279.51416
5/30/21,2278.288818,2472.187744,2188.834473,2390.30542
5/31/21,2387.198486,2715.85498,2279.505127,2714.945313
6/1/21,2707.560547,2739.737549,2531.160645,2633.518311
6/2/21,2634.456055,2801.392334,2555.401367,2706.125
6/3/21,2708.376221,2891.254883,2667.684326,2855.126465
6/4/21,2857.165527,2857.165527,2562.637451,2688.195068
6/5/21,2691.619385,2817.484863,2558.233643,2630.576904
6/6/21,2629.748779,2743.441162,2616.162354,2715.092773
6/7/21,2713.047363,2845.185059,2583.995117,2590.263184
6/8/21,2594.602295,2620.846191,2315.546631,2517.438721
6/9/21,2510.199219,2625.070557,2412.197754,2608.26709
6/10/21,2611.142578,2619.957764,2435.401611,2471.518555
6/11/21,2472.858887,2495.414795,2326.869629,2353.768799
6/12/21,2354.752197,2447.227783,2265.758057,2372.484375
6/13/21,2372.690186,2547.36792,2312.640137,2508.391602
6/14/21,2508.770508,2606.432861,2469.388184,2537.891113
6/15/21,2587.762695,2639.229248,2515.153076,2610.936768
6/16/21,2544.864746,2554.628906,2354.350586,2367.663574
6/17/21,2367.306396,2457.175537,2312.301514,2372.001953
6/18/21,2374.586914,2377.195068,2147.30835,2231.733154
6/19/21,2235.15918,2278.415039,2168.88501,2178.499023
6/20/21,2171.337891,2275.382813,2049.962646,2246.364502
6/21/21,2245.317871,2259.464111,1867.185425,1888.44751
6/22/21,1886.667603,1993.15979,1707.600586,1874.950073
6/23/21,1878.625,2043.530396,1827.571533,1989.736328
6/24/21,1968.957397,2032.339355,1887.432007,1988.456299
6/25/21,1989.21582,2017.759521,1794.400391,1813.217285
6/26/21,1810.884277,1850.17981,1719.559448,1829.239258
6/27/21,1830.996948,1979.95813,1811.24585,1978.894653
6/28/21,1981.386475,2139.80542,1963.615479,2079.657471
6/29/21,2083.44873,2242.23877,2076.240234,2160.768311
6/30/21,2164.216309,2282.989014,2090.760742,2274.547607
7/1/21,2274.397461,2274.397461,2081.081055,2113.605469
7/2/21,2109.892578,2155.596436,2021.824829,2150.040283
7/3/21,2150.834961,2237.567139,2117.590088,2226.114258
7/4/21,2226.550293,2384.286865,2190.837646,2321.724121
7/5/21,2321.922852,2321.922852,2163.041504,2198.58252
7/6/21,2197.919434,2346.294922,2197.919434,2324.679443
7/7/21,2323.208496,2403.773438,2298.026855,2315.161865
7/8/21,2317.949219,2324.006836,2089.414307,2120.026367
7/9/21,2115.573975,2185.376221,2051.06665,2146.692383
7/10/21,2146.999756,2190.124023,2081.923584,2111.403564
7/11/21,2110.875732,2172.65332,2083.803711,2139.664795
7/12/21,2140.506836,2167.710205,2011.018921,2036.721069
7/13/21,2034.098389,2040.693604,1922.577881,1940.083984
7/14/21,1941.167847,2015.107422,1869.223145,1994.331299
7/15/21,1994.712036,2037.742554,1883.272217,1911.175659
7/16/21,1916.598389,1959.696289,1853.590332,1880.382935
7/17/21,1876.881348,1917.5979,1855.59082,1898.825195
7/18/21,1900.194336,1988.336426,1883.012573,1895.552124
7/19/21,1893.053589,1916.118042,1807.909912,1817.296631
7/20/21,1819.082031,1836.998047,1722.050781,1787.510742
7/21/21,1786.276245,2025.68042,1759.023315,1990.970825
7/22/21,1994.822876,2044.116455,1954.297852,2025.202759
7/23/21,2025.105713,2129.441162,2000.436279,2124.776611
7/24/21,2123.961182,2197.649414,2107.323486,2189.21875
7/25/21,2187.145508,2194.438232,2108.829834,2191.373779
7/26/21,2191.309814,2428.817139,2177.32959,2233.366699
7/27/21,2230.197021,2316.950195,2154.731201,2298.333496
7/28/21,2302.081299,2341.777832,2250.914063,2296.54541
7/29/21,2299.011963,2396.451904,2273.404785,2380.956787
7/30/21,2382.545166,2469.704834,2322.337158,2466.961426
7/31/21,2461.575684,2551.161133,2423.816162,2536.209961
8/1/21,2530.462891,2695.429443,2520.931885,2561.852051
8/2/21,2557.774658,2665.730957,2511.375244,2610.15332
8/3/21,2609.413086,2630.314209,2449.353516,2502.349609
8/4/21,2508.544922,2764.443604,2463.469482,2724.619873
8/5/21,2725.669678,2840.430664,2540.684082,2827.328857
8/6/21,2827.503418,2944.90332,2727.792725,2890.94165
8/7/21,2891.70752,3170.229736,2868.535645,3157.23877
8/8/21,3161.232666,3184.604004,2951.747314,3013.732666
8/9/21,3012.885742,3185.701172,2900.926025,3167.856201
8/10/21,3163.050049,3228.940674,3059.229004,3141.691162
8/11/21,3142.830322,3269.209473,3122.916504,3164.245117
8/12/21,3164.175781,3236.314697,2984.166992,3043.414307
8/13/21,3049.001221,3324.671631,3037.676025,3322.21167
8/14/21,3322.762695,3329.281006,3214.519775,3265.443359
8/15/21,3266.276123,3320.084229,3117.791748,3310.50415
8/16/21,3309.422119,3333.994873,3139.778564,3156.509521
8/17/21,3149.380371,3288.812744,2996.468262,3014.845947
8/18/21,3011.963623,3124.976074,2959.02832,3020.089844
8/19/21,3019.126953,3184.435547,2963.150146,3182.702148
8/20/21,3182.162598,3298.246582,3178.10376,3286.935303
8/21/21,3286.931641,3307.351563,3209.866211,3226.083984
8/22/21,3226.227295,3272.733154,3142.00708,3242.115479
8/23/21,3241.357422,3373.384277,3235.851318,3319.257324
8/24/21,3324.855469,3358.688232,3154.121338,3172.456299
8/25/21,3174.269775,3248.727295,3086.11499,3224.915283
8/26/21,3228.747314,3249.655273,3060.22876,3100.325439
8/27/21,3096.406006,3281.840576,3064.485107,3270.60083
8/28/21,3275.104492,3284.845947,3217.403564,3244.40332
8/29/21,3246.770996,3283.235596,3158.840332,3227.002686
8/30/21,3227.192627,3346.581055,3151.44458,3224.374268
8/31/21,3227.758057,3466.992188,3195.216553,3433.732666
9/1/21,3430.762451,3836.867432,3387.408447,3834.828125
9/2/21,3825.027832,3830.711426,3726.750488,3790.98999
9/3/21,3787.486572,4022.469238,3712.678223,3940.614746
9/4/21,3937.910156,3969.44873,3837.931152,3887.828369
9/5/21,3886.331055,3979.186523,3838.487305,3952.133545
